id,name_en,category,subcategory,rarity,buy_price,sell_price,carry_limit,points,icon_name,icon_color
1,Potion,item,,1,66,8,10,,Liquid,#008000
2,Mega Potion,item,,2,,16,10,,Liquid,#008000
3,Max Potion,item,,3,,210,2,,Pellets,#ffd700
4,Ancient Potion,item,,5,,345,1,,Pellets,#ffd700
5,Antidote,item,,1,60,6,10,,Liquid,#0000FF
6,Herbal Medicine,item,,2,,25,5,,Pellets,#0000FF
7,Nulberry,item,,2,,120,10,,Seed,#0000FF
8,Energy Drink,item,,2,,6,10,,Liquid,#FFFF00
9,Ration,item,,1,,3,10,,Meat,#7a7a6e
10,Rare Steak,item,,1,,3,10,,Meat,#7a7a6e
11,Well-done Steak,item,,2,,48,10,,Meat,#F5F5DC
12,Burnt Meat,item,,1,,1,10,,Meat,#808080
13,Cool Drink,item,,1,300,30,5,,Liquid,#FFFFFF
14,Nutrients,item,,2,,25,5,,Liquid,#00FFFF
15,Mega Nutrients,item,,3,,92,5,,Liquid,#00FFFF
16,Immunizer,item,,3,,92,10,,Liquid,#F5F5DC
17,Astera Jerky,item,,2,98,10,5,,Meat,#FFC0CB
18,Dash Juice,item,,2,,29,5,,Liquid,#ffd700
19,Might Seed,item,,2,,140,10,,Seed,#FF0000
20,Demondrug,item,,4,,67,5,,Liquid,#FF0000
21,Mega Demondrug,item,,5,,283,5,,Liquid,#FF0000
22,Might Pill,item,,4,,280,5,,Pellets,#FF0000
23,Adamant Seed,item,,2,,110,10,,Seed,#F5F5DC
24,Armorskin,item,,4,,58,5,,Liquid,#F5F5DC
25,Mega Armorskin,item,,5,,269,5,,Liquid,#F5F5DC
26,Adamant Pill,item,,4,,260,5,,Pellets,#F5F5DC
27,Lifepowder,item,,4,,190,3,,Sac,#F5F5DC
28,Herbal Powder,item,,4,,315,3,,Sac,#0000FF
29,Demon Powder,item,,4,,315,3,,Sac,#FF0000
30,Hardshell Powder,item,,4,,315,3,,Sac,#F5F5DC
31,Honey,item,,2,,45,10,,Honey,#F5F5DC
32,Herb,item,,1,,2,10,,Herb,#008000
33,Antidote Herb,item,,1,,2,10,,Herb,#0000FF
34,Fire Herb,item,,2,,4,20,,Herb,#FFA500
35,Flowfern,item,,1,,4,20,,Herb,#800080
36,Snow Herb,item,,2,,6,20,,Herb,#FFFFFF
37,Sleep Herb,item,,1,,5,10,,Herb,#00FFFF
38,Ivy,item,,1,,8,10,,Herb,#008000
39,Smokenut,item,,1,,4,10,,Seed,#FFFFFF
40,Dragonfell Berry,item,,4,,78,10,,Seed,#FF0000
41,Blue Mushroom,item,,2,,2,10,,Mushroom,#0000FF
42,Mandragora,item,,3,,40,10,,Mushroom,#F5F5DC
43,Nitroshroom,item,,2,,6,20,,Mushroom,#FF0000
44,Devil's Blight,item,,2,,60,10,,Mushroom,#FF0000
45,Parashroom,item,,3,,15,10,,Mushroom,#FFFF00
46,Toadstool,item,,2,,8,10,,Mushroom,#EE82EE
47,Exciteshroom,item,,3,,18,10,,Mushroom,#008000
48,Chillshroom,item,,3,,18,10,,Mushroom,#FFFFFF
49,Bitterbug,item,,1,,2,10,,Bug,#0000FF
50,Flashbug,item,,2,,48,10,,Bug,#ffd700
51,Godbug,item,,4,,120,10,,Bug,#FFFFFF
52,Thunderbug,item,,4,,80,10,,Bug,#FFFF00
53,Baitbug,item,,3,,2,10,,Bait,#FFC0CB
54,Kelbi Horn,item,,4,,52,99,,,#008000
55,Dash Extract,item,,4,,56,20,,Liquid,#ffd700
56,Nourishing Extract,item,,4,,122,20,,Liquid,#FFFFFF
57,Screamer Sac,item,,2,,15,10,,Sac,#808080
58,Catalyst,item,,2,,48,5,,Sac,#008000
59,Tranq Bomb,item,,3,,35,8,,Smoke,#FF0000
60,Flash Pod,item,,2,,57,3,,Slinger,#ffd700
61,Screamer Pod,item,,2,,45,3,,Slinger,#808080
62,Dung Pod,item,,2,,20,10,,Slinger,#F5F5DC
63,Smoke Bomb,item,,2,,44,3,,Smoke,#FFFFFF
64,Poison Smoke Bomb,item,,2,,60,5,,Smoke,#EE82EE
65,Farcaster,item,,3,,30,1,,Smoke,#008000
66,Raw Meat,item,,1,,5,10,,Meat,#FF0000
67,Poisoned Meat,item,,2,,19,10,,Meat,#EE82EE
68,Tinged Meat,item,,2,,30,10,,Meat,#FFFF00
69,Drugged Meat,item,,2,,32,10,,Meat,#00FFFF
70,Gunpowder,item,,2,,45,20,,Sac,#FFA500
71,Small Barrel,item,,1,80,8,10,,Barrel,#ffd700
72,Barrel Bomb,item,,2,156,16,10,,BarrelBomb,#ffd700
73,Bounce Bomb,item,,2,150,18,5,,BarrelBomb,#00FFFF
74,Mega Bounce Bomb,item,,4,,68,5,,BarrelBomb,#00FFFF
75,Large Barrel,item,,2,210,21,5,,Barrel,#FFA500
76,Large Barrel Bomb,item,,3,518,52,2,,BarrelBomb,#FFA500
77,Mega Barrel Bomb,item,,4,,80,2,,BarrelBomb,#FFA500
78,Spider Web,item,,1,,6,10,,Web,#FFFFFF
79,Net,item,,2,,54,10,,Web,#008000
80,Trap Tool,item,,3,200,20,2,,TrapTool,#FFFFFF
81,Pitfall Trap,item,,3,,200,1,,Trap,#008000
82,Shock Trap,item,,3,,160,1,,Trap,#FFFF00
83,Rolled-up Dung,item,,1,,10,20,,Dung,#7a7a6e
84,Dung,item,,1,,1,10,,Dung,#7a7a6e
85,Arowana Bait,item,,2,150,15,10,,Bait,#008000
86,Gunpowderfish Bait,item,,2,150,15,10,,Bait,#FFFFFF
87,Goldenfish Bait,item,,2,300,30,10,,Bait,#ffd700
88,Boomerang,item,,4,150,15,5,,Boomerang,#ffd700
89,Binoculars,item,,1,50,5,1,,Binoculars,#808080
90,Powercharm,item,,5,36000,3600,1,,Sac,#FF0000
91,Powertalon,item,,5,,6840,1,,,#FF0000
92,Armorcharm,item,,5,24000,2400,1,,Sac,#F5F5DC
93,Armortalon,item,,5,,5040,1,,,#F5F5DC
94,Needleberry,item,,1,,1,99,,Husk,#008000
95,Blastnut,item,,1,,4,30,,Husk,#F5F5DC
96,Dragonstrike Nut,item,,2,,12,5,,Husk,#7a7a6e
97,Slashberry,item,,1,,4,30,,Husk,#FFFFFF
98,Latchberry,item,,1,,4,99,,Husk,#0000FF
99,Bomberry,item,,2,,12,5,,Husk,#FF0000
100,Flamenut,item,,2,,12,80,,Seed,#808080
101,Blazenut,item,,2,,12,60,,Seed,#808080
102,Gunpowder Level 2,item,,2,16,1,80,,Sac,#808080
103,Gunpowder Level 3,item,,2,30,3,80,,Sac,#808080
114,Empty Phial,item,,1,5,1,99,,EmptyBottle,
104,Whetfish Fin,item,,2,,45,10,,Scale,#ffd700
105,Whetfish Fin+,item,,4,,45,5,,Scale,#ffd700
106,Sushifish Scale,item,,2,,45,10,,Scale,#F5F5DC
107,Great Sushifish Scale,item,,4,,45,5,,Scale,#F5F5DC
108,Gunpowderfish Scale,item,,3,,150,5,,Scale,#808080
109,Great Gunpowderfish Scale,item,,4,,150,5,,Scale,#808080
110,Burst Arowana Scale,item,,2,,45,5,,Scale,#008000
111,Great Burst Arowana Scale,item,,4,,45,5,,Scale,#008000
112,Bomb Arowana Scale,item,,2,,135,5,,Scale,#EE82EE
113,Great Bomb Arowana Scale,item,,4,,135,5,,Scale,#EE82EE
115,Iron Ore,material,,4,,60,,,Ore,#808080
116,Machalite Ore,material,,4,,160,,,Ore,#0000FF
117,Dragonite Ore,material,,4,,480,,,Ore,#008000
118,Carbalite Ore,material,,6,,680,,,Ore,#EE82EE
119,Fucium Ore,material,,6,,1020,,,Ore,#FFC0CB
682,Eltalite Ore,material,,9,,1280,,,,
683,Meldspar Ore,material,,9,,1920,,,,
120,Earth Crystal,material,,4,,80,,,Ore,#FFFFFF
121,Coral Crystal (LR),material,,4,,600,,,Ore,#0000FF
122,Dragonvein Crystal,material,,6,,800,,,Ore,#FF0000
684,Spiritvein Crystal,material,,9,,1280,,,,
123,Lightcrystal,material,,5,,1150,,,Ore,#808080
124,Novacrystal,material,,7,,2440,,,Ore,#FFFFFF
125,Firecell Stone,material,,7,,1720,,,Ore,#F5F5DC
695,Bathycite Ore,material,,9,,1620,,,,
696,Gracium,material,,9,,1540,,,,
126,Aquacore Ore,material,,4,,400,,,CharmOre,#0000FF
127,Spiritcore Ore,material,,6,,800,,,CharmOre,#808080
128,Dreamcore Ore,material,,7,,1200,,,CharmOre,#EE82EE
129,Dragoncore Ore,material,,8,,2000,,,CharmOre,#ffd700
135,Sturdy Bone,material,,4,,500,,,Bone,#FFFFFF
136,Quality Bone,material,,6,,750,,,Bone,#FFFFFF
685,Thick Bone,material,,9,,1200,,,,
137,Ancient Bone,material,,4,,400,,,Bone,#008000
138,Boulder Bone,material,,4,,400,,,Bone,#ffd700
139,Coral Bone,material,,4,,800,,,Bone,#FFC0CB
140,Warped Bone,material,,4,,800,,,Bone,#7a7a6e
141,Brutal Bone,material,,6,,1200,,,Bone,#808080
143,Unknown Skull,material,,7,,1800,,,Bone,#ffd700
697,Frozen Bone,material,,9,,2400,,,,
142,Dragonbone Relic,material,,7,,1600,,,Bone,#FFFFFF
778,Dragonbone Artifact,material,,10,,2000,,,,
130,Armor Sphere,material,,4,,80,,,Sphere,#0000FF
131,Armor Sphere+,material,,5,,200,,,Sphere,#008000
132,Advanced Armor Sphere,material,,6,,300,,,Sphere,#F5F5DC
133,Hard Armor Sphere,material,,7,,400,,,Sphere,#EE82EE
134,Heavy Armor Sphere,material,,8,,600,,,Sphere,#FF0000
144,Great Hornfly,material,,5,,200,,,Bug,#ffd700
145,Sinister Cloth,material,,5,,350,,,Question,#808080
146,Monster Bone S,material,,4,,30,,,Bone,#ffd700
147,Monster Bone M,material,,4,,300,,,Bone,#ffd700
148,Monster Bone L,material,,4,,400,,,Bone,#ffd700
149,Monster Bone+,material,,4,,500,,,Bone,#F5F5DC
150,Monster Keenbone,material,,6,,800,,,Bone,#FFC0CB
151,Monster Hardbone,material,,6,,1200,,,Bone,#FF0000
686,Monster Toughbone,material,,9,,2000,,,,
152,Elder Dragon Bone,material,,7,,1600,,,Bone,#EE82EE
153,Sharp Claw,material,,4,,200,,,,#808080
154,Piercing Claw,material,,6,,800,,,,#808080
687,Tough Claw,material,,9,,2000,,,,
155,Monster Fluid,material,,4,,200,,,Liquid,#00FFFF
156,Monster Broth,material,,6,,800,,,Liquid,#0000FF
688,Monster Essence,material,,9,,2000,,,,
157,Poison Sac,material,,4,,600,,,Sac,#EE82EE
158,Toxin Sac,material,,6,,1600,,,Sac,#EE82EE
698,Deadly Poison Sac,material,,9,,3400,,,,
159,Paralysis Sac,material,,4,,800,,,Sac,#FFFF00
160,Omniplegia Sac,material,,6,,1600,,,Sac,#FFFF00
699,Ultraplegia Sac,material,,9,,3400,,,,
161,Sleep Sac,material,,4,,800,,,Sac,#0000FF
162,Coma Sac,material,,6,,1600,,,Sac,#0000FF
779,Torpor Sac,material,,9,,3400,,,,
163,Flame Sac,material,,4,,800,,,Sac,#FF0000
164,Inferno Sac,material,,6,,1600,,,Sac,#FF0000
700,Conflagrant Sac,material,,9,,3400,,,,
165,Aqua Sac,material,,4,,600,,,Sac,#00FFFF
166,Torrent Sac,material,,6,,1600,,,Sac,#00FFFF
701,Flood Sac,material,,9,,3400,,,,
167,Frost Sac,material,,4,,1000,,,Sac,#FFFFFF
168,Freezer Sac,material,,6,,2400,,,Sac,#FFFFFF
702,Cryo Sac,material,,9,,4200,,,,
169,Electro Sac,material,,4,,1000,,,Sac,#ffd700
170,Thunder Sac,material,,6,,1600,,,Sac,#ffd700
703,Lightning Sac,material,,9,,3400,,,,
171,Bird Wyvern Gem,material,,7,,4000,,,Gem,#0000FF
172,Wyvern Gem,material,,7,,4000,,,Gem,#00FFFF
173,Elder Dragon Blood,material,,7,,1600,,,Liquid,#FF0000
174,Mosswine Hide,material,,4,,200,,,Hide,#008000
175,Warm Pelt,material,,4,,120,,,Hide,#008000
176,High-quality Pelt,material,,6,,320,,,Hide,#F5F5DC
704,Prized Pelt,material,,9,,1020,,,,
705,Anteka Antler,material,,9,,460,,,,
177,Vespoid Shell,material,,4,,160,,,Bug,#ffd700
179,Vespoid Carapace,material,,6,,460,,,Bug,#ffd700
178,Vespoid Wing,material,,4,,210,,,Honey,#ffd700
180,Vespoid Innerwing,material,,6,,560,,,Honey,#ffd700
689,Vespoid Razorwing,material,,9,,1960,,,,
181,Hornetaur Shell,material,,4,,260,,,Bug,#808080
184,Hornetaur Carapace,material,,6,,560,,,Bug,#808080
182,Hornetaur Wing,material,,4,,310,,,Honey,#808080
185,Hornetaur Innerwing,material,,6,,660,,,Honey,#808080
690,Hornetaur Razorwing,material,,9,,2120,,,,
183,Hornetaur Head,material,,4,,360,,,Bug,#808080
186,Gajau Skin,material,,4,,220,,,Hide,#7a7a6e
188,Gajau Scale,material,,6,,420,,,Hide,#7a7a6e
691,Gajau Thickhide,material,,9,,1680,,,,
187,Gajau Whisker,material,,4,,270,,,Body,#7a7a6e
189,Grand Gajau Whisker,material,,6,,520,,,Body,#7a7a6e
692,Steel Gajau Whisker,material,,9,,1920,,,,
190,Wingdrake Hide,material,,4,,180,,,Wing,#7a7a6e
191,Wingdrake Hide+,material,,6,,380,,,Wing,#7a7a6e
706,Wingdrake Finehide,material,,9,,1240,,,,
192,Barnos Hide+,material,,6,,720,,,Hide,#7a7a6e
193,Barnos Talon,material,,6,,820,,,,#7a7a6e
707,Barnos Hardclaw,material,,9,,2280,,,,
708,Cortos Hardclaw,material,,9,,1450,,,,
194,Kestodon Shell,material,,4,,180,,,Carapace,#F5F5DC
196,Kestodon Carapace,material,,6,,430,,,Carapace,#F5F5DC
693,Kestodon Husk,material,,9,,1320,,,,
195,Kestodon Scalp,material,,4,,230,,,Jaw,#F5F5DC
197,Gastodon Carapace,material,,6,,760,,,Carapace,#FF0000
709,Gastodon Husk,material,,9,,2140,,,,
198,Gastodon Horn,material,,6,,860,,,,#FF0000
199,Jagras Scale,material,,4,,140,,,Scale,#ffd700
201,Jagras Scale+,material,,6,,340,,,Scale,#ffd700
710,Jagras Shard,material,,9,,960,,,,
200,Jagras Hide,material,,4,,180,,,Hide,#ffd700
202,Jagras Hide+,material,,6,,480,,,Hide,#ffd700
203,Shamos Scale,material,,4,,220,,,Scale,#FF0000
205,Shamos Scale+,material,,6,,420,,,Scale,#FF0000
694,Shamos Shard,material,,9,,1580,,,,
204,Shamos Hide,material,,4,,280,,,Hide,#FF0000
206,Shamos Hide+,material,,6,,480,,,Hide,#FF0000
207,Girros Scale,material,,4,,240,,,Scale,#808080
210,Girros Scale+,material,,6,,460,,,Scale,#808080
711,Girros Shard,material,,9,,1760,,,,
208,Girros Hide,material,,4,,300,,,Hide,#808080
211,Girros Hide+,material,,6,,520,,,Hide,#808080
209,Girros Fang,material,,4,,260,,,,#FFFF00
712,Wulg Thickfur,material,,9,,1240,,,,
212,Great Jagras Scale,material,,4,,260,,,Scale,#ffd700
216,Great Jagras Scale+,material,,6,,860,,,Scale,#ffd700
713,Great Jagras Shard,material,,9,,1320,,,,
213,Great Jagras Hide,material,,4,,360,,,Hide,#ffd700
217,Great Jagras Hide+,material,,6,,1220,,,Hide,#ffd700
714,Great Jagras Thickhide,material,,9,,1840,,,,
215,Great Jagras Claw,material,,4,,420,,,,#ffd700
218,Great Jagras Claw+,material,,6,,1620,,,,#ffd700
715,Great Jagras Hardclaw,material,,9,,2440,,,,
214,Great Jagras Mane,material,,4,,440,,,Body,#ffd700
716,Great Jagras Mane+,material,,9,,2480,,,,
219,Kulu-Ya-Ku Scale,material,,4,,290,,,Scale,#F5F5DC
223,Kulu-Ya-Ku Scale+,material,,6,,890,,,Scale,#F5F5DC
717,Kulu-Ya-Ku Shard,material,,9,,1350,,,,
220,Kulu-Ya-Ku Hide,material,,4,,390,,,Hide,#F5F5DC
224,Kulu-Ya-Ku Hide+,material,,6,,1290,,,Hide,#F5F5DC
718,Kulu-Ya-Ku Thickhide,material,,9,,1950,,,,
221,Kulu-Ya-Ku Plume,material,,4,,460,,,Body,#FFA500
225,Kulu-Ya-Ku Plume+,material,,6,,1660,,,Body,#FFA500
719,Large Kulu-Ya-Ku Plume,material,,9,,2500,,,,
222,Kulu-Ya-Ku Beak,material,,4,,490,,,Jaw,#F5F5DC
226,Kulu-Ya-Ku Beak+,material,,6,,1660,,,Jaw,#F5F5DC
720,Large Kulu-Ya-Ku Beak,material,,9,,2550,,,,
227,Pukei-Pukei Scale,material,,4,,360,,,Scale,#00FF00
232,Pukei-Pukei Scale+,material,,6,,950,,,Scale,#00FF00
721,Pukei-Pukei Shard,material,,9,,1580,,,,
228,Pukei-Pukei Shell,material,,4,,470,,,Carapace,#00FF00
233,Pukei-Pukei Carapace,material,,6,,1350,,,Carapace,#00FF00
722,Pukei-Pukei Cortex,material,,9,,2220,,,,
229,Pukei-Pukei Quill,material,,4,,640,,,Wing,#00FF00
234,Pukei-Pukei Wing,material,,6,,1700,,,Wing,#00FF00
723,Pukei-Pukei Fellwing,material,,9,,2920,,,,
230,Pukei-Pukei Sac,material,,4,,660,,,Sac,#00FF00
235,Pukei-Pukei Sac+,material,,6,,1750,,,Sac,#00FF00
724,Large Pukei-Pukei Sac,material,,9,,2980,,,,
231,Pukei-Pukei Tail,material,,4,,620,,,Tail,#00FF00
725,Pukei-Pukei Lash,material,,9,,2860,,,,
726,Coral Pukei-Pukei Shard,material,,9,,2340,,,,
727,Coral Pukei-Pukei Cortex,material,,9,,3360,,,,
728,Coral Pukei-Pukei Fellwing,material,,9,,4460,,,,
729,Large Coral Pukei-Pukei Sac,material,,9,,4540,,,,
730,Coral Pukei-Pukei Lash,material,,9,,4380,,,,
236,Barroth Shell,material,,4,,330,,,Carapace,#F5F5DC
242,Barroth Carapace,material,,6,,870,,,Carapace,#F5F5DC
731,Barroth Cortex,material,,9,,1470,,,,
237,Barroth Ridge,material,,4,,480,,,Body,#F5F5DC
243,Barroth Ridge+,material,,6,,1270,,,Body,#F5F5DC
732,Barroth Chine,material,,9,,2170,,,,
238,Barroth Claw,material,,4,,630,,,,#F5F5DC
244,Barroth Claw+,material,,6,,1670,,,,#F5F5DC
733,Barroth Hardclaw,material,,9,,2870,,,,
239,Barroth Scalp,material,,4,,870,,,Jaw,#F5F5DC
734,Barroth Crown,material,,9,,3430,,,,
240,Barroth Tail,material,,4,,800,,,Tail,#F5F5DC
735,Barroth Lash,material,,9,,3280,,,,
241,Fertile Mud,material,,4,,390,,,Dung,#F5F5DC
736,Rich Mud,material,,9,,1610,,,,
245,Jyuratodus Scale,material,,4,,340,,,Scale,#F5F5DC
249,Jyuratodus Scale+,material,,6,,1040,,,Scale,#F5F5DC
737,Jyuratodus Shard,material,,9,,1480,,,,
246,Jyuratodus Shell,material,,4,,490,,,Carapace,#F5F5DC
250,Jyuratodus Carapace,material,,6,,1540,,,Carapace,#F5F5DC
738,Jyuratodus Cortex,material,,9,,2180,,,,
247,Jyuratodus Fang,material,,4,,640,,,,#F5F5DC
251,Jyuratodus Fang+,material,,6,,2040,,,,#F5F5DC
739,Jyuratodus Hardfang,material,,9,,2880,,,,
248,Jyuratodus Fin,material,,4,,720,,,Body,#F5F5DC
252,Jyuratodus Fin+,material,,6,,2120,,,Body,#F5F5DC
740,Jyuratodus Grandfin,material,,9,,3040,,,,
741,Beotodus Shard,material,,9,,1530,,,,
742,Beotodus Cortex,material,,9,,2230,,,,
743,Beotodus Hardhorn,material,,9,,2930,,,,
744,Beotodus Grandfin,material,,9,,3190,,,,
253,Tobi-Kadachi Scale,material,,4,,360,,,Scale,#00FFFF
258,Tobi-Kadachi Scale+,material,,6,,1050,,,Scale,#00FFFF
745,Tobi-Kadachi Shard,material,,9,,1490,,,,
254,Tobi-Kadachi Pelt,material,,4,,510,,,Hide,#00FFFF
259,Tobi-Kadachi Pelt+,material,,6,,1550,,,Hide,#00FFFF
746,Tobi-Kadachi Thickfur,material,,9,,2190,,,,
255,Tobi-Kadachi Membrane,material,,4,,800,,,Wing,#00FFFF
747,Tobi-Kadachi Membrane+,material,,9,,3200,,,,
256,Tobi-Kadachi Claw,material,,4,,660,,,,#00FFFF
260,Tobi-Kadachi Claw+,material,,6,,1650,,,,#00FFFF
748,Tobi-Kadachi Hardclaw,material,,9,,2890,,,,
257,Tobi-Kadachi Electrode,material,,4,,720,,,Body,#00FFFF
261,Tobi-Kadachi Electrode+,material,,6,,1750,,,Body,#00FFFF
749,Tobi-Kadachi Cathode,material,,9,,3070,,,,
750,Viper Tobi-Kadachi Shard,material,,9,,2190,,,,
751,Viper Tobi-Kadachi Thickfur,material,,9,,3290,,,,
752,Viper Tobi-Kadachi Membrane+,material,,9,,4700,,,,
753,Viper Tobi-Kadachi Hardclaw,material,,9,,4390,,,,
754,Viper Tobi-Kadachi Thorn,material,,9,,4570,,,,
755,Banbaro Cortex,material,,9,,1540,,,,
756,Banbaro Chine,material,,9,,2240,,,,
757,Banbaro Great Horn,material,,9,,2940,,,,
758,Banbaro Lash,material,,9,,3220,,,,
262,Anjanath Scale,material,,4,,430,,,Scale,#FFC0CB
268,Anjanath Scale+,material,,6,,1060,,,Scale,#FFC0CB
759,Anjanath Shard,material,,9,,2160,,,,
263,Anjanath Pelt,material,,4,,630,,,Hide,#FFC0CB
269,Anjanath Pelt+,material,,6,,1560,,,Hide,#FFC0CB
760,Anjanath Fur,material,,9,,3260,,,,
264,Anjanath Fang,material,,4,,830,,,,#FFC0CB
270,Anjanath Fang+,material,,6,,2060,,,,#FFC0CB
761,Anjanath Hardfang,material,,9,,4360,,,,
265,Anjanath Nosebone,material,,4,,890,,,Bone,#FFC0CB
271,Anjanath Nosebone+,material,,6,,2120,,,Bone,#FFC0CB
762,Heavy Anjanath Nosebone,material,,9,,4480,,,,
266,Anjanath Tail,material,,4,,860,,,Tail,#FFC0CB
763,Anjanath Lash,material,,9,,4420,,,,
267,Anjanath Plate,material,,5,,2400,,,Plate,#FFC0CB
272,Anjanath Gem,material,,7,,6000,,,Gem,#FFC0CB
273,Rathian Scale,material,,4,,460,,,Scale,#008000
278,Rathian Scale+,material,,6,,1060,,,Scale,#008000
274,Rathian Shell,material,,4,,660,,,Carapace,#008000
279,Rathian Carapace,material,,6,,1560,,,Carapace,#008000
275,Rathian Webbing,material,,4,,860,,,Wing,#008000
276,Rathian Spike,material,,4,,980,,,Body,#008000
280,Rathian Spike+,material,,6,,2240,,,Body,#008000
277,Rathian Plate,material,,5,,2400,,,Plate,#008000
281,Rathian Ruby,material,,7,,6000,,,Gem,#008000
282,Pink Rathian Scale+,material,,6,,1260,,,Scale,#FFC0CB
283,Pink Rathian Carapace,material,,6,,1860,,,Carapace,#FFC0CB
284,Tzitzi-Ya-Ku Scale,material,,4,,440,,,Scale,#0000FF
288,Tzitzi-Ya-Ku Scale+,material,,6,,840,,,Scale,#0000FF
764,Tzitzi-Ya-Ku Shard,material,,9,,1300,,,,
285,Tzitzi-Ya-Ku Hide,material,,4,,640,,,Hide,#0000FF
289,Tzitzi-Ya-Ku Hide+,material,,6,,1240,,,Hide,#0000FF
765,Tzitzi-Ya-Ku Thickhide,material,,9,,1900,,,,
286,Tzitzi-Ya-Ku Claw,material,,4,,840,,,,#0000FF
290,Tzitzi-Ya-Ku Claw+,material,,6,,1640,,,,#0000FF
766,Tzitzi-Ya-Ku Hardclaw,material,,9,,2500,,,,
287,Tzitzi-Ya-Ku Photophore,material,,4,,920,,,Body,#0000FF
291,Tzitzi-Ya-Ku Photophore+,material,,6,,1680,,,Body,#0000FF
767,Tzitzi-Ya-Ku Photomembrane,material,,9,,2600,,,,
292,Paolumu Pelt,material,,4,,650,,,Hide,#FFFFFF
296,Paolumu Pelt+,material,,6,,1570,,,Hide,#FFFFFF
293,Paolumu Scale,material,,4,,450,,,Scale,#FFFFFF
297,Paolumu Scale+,material,,6,,1070,,,Scale,#FFFFFF
294,Paolumu Shell,material,,4,,950,,,Carapace,#FFC0CB
298,Paolumu Carapace+,material,,6,,2140,,,Carapace,#FFC0CB
295,Paolumu Webbing,material,,4,,850,,,Wing,#FFFFFF
299,Paolumu Wing,material,,6,,2070,,,Wing,#FFFFFF
300,Great Girros Scale,material,,4,,450,,,Scale,#808080
305,Great Girros Scale+,material,,6,,1060,,,Scale,#808080
768,Great Girros Shard,material,,9,,1310,,,,
301,Great Girros Hide,material,,4,,650,,,Hide,#808080
306,Great Girros Hide+,material,,6,,1560,,,Hide,#808080
769,Great Girros Thickhide,material,,9,,1910,,,,
302,Great Girros Hood,material,,4,,950,,,Body,#808080
307,Great Girros Hood+,material,,6,,2180,,,Body,#808080
770,Great Girros Hardhood,material,,9,,2730,,,,
303,Great Girros Fang,material,,4,,750,,,,#808080
308,Great Girros Fang+,material,,6,,2060,,,,#808080
771,Great Girros Hardfang,material,,9,,2130,,,,
304,Great Girros Tail,material,,4,,850,,,Tail,#808080
772,Great Girros Lash,material,,9,,2510,,,,
309,Radobaan Scale,material,,4,,480,,,Scale,#FFFFFF
314,Radobaan Scale+,material,,6,,1080,,,Scale,#FFFFFF
780,Radobaan Shard,material,,9,,2150,,,,
310,Radobaan Shell,material,,4,,680,,,Carapace,#FFFFFF
315,Radobaan Carapace,material,,6,,1580,,,Carapace,#FFFFFF
311,Radobaan Oilshell,material,,4,,960,,,Body,#FFFFFF
312,Wyvern Bonemass,material,,4,,880,,,Bone,#FFFFFF
313,Radobaan Marrow,material,,4,,1120,,,Body,#FFFFFF
316,Radobaan Medulla,material,,6,,2240,,,Body,#FFFFFF
317,Legiana Scale,material,,4,,540,,,Scale,#0000FF
323,Legiana Scale+,material,,6,,1230,,,Scale,#0000FF
318,Legiana Hide,material,,4,,790,,,Hide,#0000FF
324,Legiana Hide+,material,,6,,1830,,,Hide,#0000FF
319,Legiana Claw,material,,4,,1040,,,,#0000FF
325,Legiana Claw+,material,,6,,2430,,,,#0000FF
320,Legiana Webbing,material,,4,,1080,,,Wing,#0000FF
326,Legiana Wing,material,,6,,2460,,,Wing,#0000FF
321,Legiana Tail Webbing,material,,4,,1160,,,Tail,#0000FF
322,Legiana Plate,material,,5,,3000,,,Plate,#0000FF
327,Legiana Gem,material,,7,,7200,,,Gem,#0000FF
328,Odogaron Scale,material,,4,,560,,,Scale,#FF0000
334,Odogaron Scale+,material,,6,,1240,,,Scale,#FF0000
781,Odogaron Shard,material,,10,,2850,,,,
329,Odogaron Sinew,material,,4,,810,,,Body,#FF0000
335,Odogaron Sinew+,material,,6,,1840,,,Body,#FF0000
330,Odogaron Claw,material,,4,,1060,,,,#FF0000
336,Odogaron Claw+,material,,6,,2440,,,,#FF0000
331,Odogaron Fang,material,,4,,1120,,,,#FF0000
337,Odogaron Fang+,material,,6,,2480,,,,#FF0000
332,Odogaron Tail,material,,4,,1240,,,Tail,#FF0000
333,Odogaron Plate,material,,5,,3000,,,Plate,#FF0000
338,Odogaron Gem,material,,7,,7200,,,Gem,#FF0000
339,Rathalos Scale,material,,4,,590,,,Scale,#FF0000
346,Rathalos Scale+,material,,6,,1250,,,Scale,#FF0000
782,Rathalos Shard,material,,10,,2870,,,,
340,Rathalos Shell,material,,4,,840,,,Carapace,#FF0000
347,Rathalos Carapace,material,,6,,1850,,,Carapace,#FF0000
341,Rathalos Webbing,material,,4,,1180,,,Wing,#FF0000
348,Rathalos Wing,material,,6,,2500,,,Wing,#FF0000
342,Rathalos Tail,material,,4,,1270,,,Tail,#FF0000
343,Rath Wingtalon,material,,4,,1090,,,,#FF0000
344,Rathalos Marrow,material,,4,,1360,,,Body,#FF0000
349,Rathalos Medulla,material,,6,,2600,,,Body,#FF0000
345,Rathalos Plate,material,,5,,3000,,,Plate,#FF0000
350,Rathalos Ruby,material,,7,,7200,,,Gem,#FF0000
351,Azure Rathalos Scale+,material,,6,,1450,,,Scale,#0000FF
352,Azure Rathalos Carapace,material,,6,,2150,,,Carapace,#0000FF
353,Azure Rathalos Tail,material,,6,,3000,,,Tail,#0000FF
354,Azure Rathalos Wing,material,,6,,2850,,,Wing,#0000FF
355,Diablos Shell,material,,4,,620,,,Carapace,#7a7a6e
361,Diablos Carapace,material,,6,,1260,,,Carapace,#7a7a6e
783,Diablos Cortex,material,,10,,2880,,,,
356,Diablos Ridge,material,,4,,870,,,Body,#7a7a6e
362,Diablos Ridge+,material,,6,,1860,,,Body,#7a7a6e
357,Diablos Tailcase,material,,4,,1240,,,Body,#7a7a6e
358,Diablos Fang,material,,4,,1120,,,,#7a7a6e
359,Twisted Horn,material,,4,,1360,,,,#7a7a6e
363,Majestic Horn,material,,6,,2980,,,,#7a7a6e
360,Diablos Marrow,material,,4,,1480,,,Body,#7a7a6e
364,Blos Medulla,material,,6,,3040,,,Body,#7a7a6e
365,Black Diablos Carapace,material,,6,,1450,,,Carapace,#808080
366,Black Diablos Ridge+,material,,6,,2150,,,Body,#808080
367,Black Spiral Horn+,material,,6,,5700,,,,#808080
381,Dodogama Scale+,material,,6,,1030,,,Scale,#0000FF
773,Dodogama Shard,material,,9,,1520,,,,
382,Dodogama Hide+,material,,6,,1530,,,Hide,#0000FF
774,Dodogama Thickhide,material,,9,,2220,,,,
383,Dodogama Jaw,material,,6,,2120,,,Jaw,#0000FF
775,Dodogama Mandible,material,,9,,3280,,,,
384,Dodogama Talon,material,,6,,2060,,,,#0000FF
776,Dodogama Hardclaw,material,,9,,3040,,,,
385,Dodogama Tail,material,,6,,2210,,,Tail,#0000FF
777,Dodogama Lash,material,,9,,3520,,,,
386,Lavasioth Scale+,material,,6,,1280,,,Scale,#808080
387,Lavasioth Carapace,material,,6,,1880,,,Carapace,#808080
388,Lavasioth Fang+,material,,6,,2480,,,,#808080
389,Lavasioth Fin+,material,,6,,2560,,,Body,#808080
390,Uragaan Scale+,material,,6,,1460,,,Scale,#ffd700
391,Uragaan Carapace,material,,6,,2160,,,Carapace,#ffd700
392,Uragaan Jaw,material,,6,,2980,,,Jaw,#ffd700
393,Uragaan Scute,material,,6,,2880,,,Body,#ffd700
394,Uragaan Marrow,material,,6,,3100,,,Body,#ffd700
395,Uragaan Ruby,material,,7,,8400,,,Gem,#ffd700
396,Lava Nugget,material,,6,,1580,,,Ore,#F5F5DC
397,Bazelgeuse Scale+,material,,6,,1600,,,Scale,#FFFFFF
398,Bazelgeuse Carapace,material,,6,,2400,,,Carapace,#FFFFFF
399,Bazelgeuse Tail,material,,6,,3600,,,Tail,#FFFFFF
400,Bazelgeuse Fuse,material,,6,,4000,,,Body,#FF0000
401,Bazelgeuse Talon,material,,6,,3200,,,,#FFFFFF
402,Bazelgeuse Wing,material,,6,,3400,,,Wing,#FFFFFF
403,Bazelgeuse Gem,material,,7,,9600,,,Gem,#FFFFFF
404,Deviljho Scale,material,,6,,1600,,,Scale,#008000
405,Deviljho Hide,material,,6,,2400,,,Hide,#008000
406,Deviljho Tallfang,material,,6,,3200,,,,#008000
407,Deviljho Talon,material,,6,,3400,,,,#008000
408,Deviljho Scalp,material,,6,,4000,,,Jaw,#008000
409,Deviljho Tail,material,,6,,3600,,,Tail,#008000
410,Deviljho Saliva,material,,6,,2200,,,Liquid,#008000
411,Deviljho Gem,material,,7,,9600,,,Gem,#008000
368,Kirin Hide,material,,4,,750,,,Hide,#FFFFFF
372,Kirin Hide+,material,,7,,1630,,,Hide,#FFFFFF
369,Kirin Tail,material,,4,,1000,,,Body,#FFFFFF
373,Kirin Thundertail,material,,7,,2430,,,Body,#FFFFFF
370,Kirin Mane,material,,4,,1250,,,Body,#FFFFFF
371,Kirin Thunderhorn,material,,4,,1750,,,,#0000FF
374,Kirin Azure Horn,material,,7,,3200,,,,#0000FF
375,Zorah Magdaros Heat Scale,material,,6,,800,,,Scale,#808080
376,Zorah Magdaros Carapace,material,,6,,1200,,,Carapace,#808080
377,Zorah Magdaros Ridge,material,,6,,1400,,,Body,#808080
378,Zorah Magdaros Pleura,material,,6,,1600,,,Body,#808080
379,Zorah Magdaros Magma,material,,6,,3200,,,Ore,#FF0000
380,Zorah Magdaros Gem,material,,7,,6000,,,Gem,#808080
412,Immortal Dragonscale,material,,7,,2100,,,Scale,#808080
413,Nergigante Carapace,material,,7,,3200,,,Carapace,#808080
414,Nergigante Tail,material,,7,,4300,,,Tail,#808080
415,Nergigante Horn+,material,,7,,5000,,,,#808080
416,Nergigante Talon,material,,7,,4500,,,,#808080
417,Nergigante Regrowth Plate,material,,7,,3400,,,Body,#FFFFFF
418,Nergigante Gem,material,,8,,12000,,,Gem,#808080
428,Teostra Carapace,material,,7,,3400,,,Carapace,#FF0000
429,Teostra Mane,material,,7,,3400,,,Body,#FF0000
430,Teostra Tail,material,,7,,4900,,,Tail,#FF0000
431,Teostra Horn+,material,,7,,5500,,,,#FF0000
427,Fire Dragon Scale+,material,,7,,2300,,,Scale,#FF0000
432,Teostra Claw+,material,,7,,4700,,,,#FF0000
433,Teostra Webbing,material,,7,,4500,,,Wing,#FF0000
434,Teostra Powder,material,,7,,3600,,,Sac,#FF0000
435,Teostra Gem,material,,8,,12000,,,Gem,#FF0000
437,Lunastra Carapace,material,,7,,3400,,,Carapace,#0000FF
438,Lunastra Mane,material,,7,,3400,,,Body,#0000FF
440,Lunastra Tail,material,,7,,4900,,,Tail,#0000FF
441,Lunastra Horn,material,,7,,5500,,,,#0000FF
436,Lunastra Scale+,material,,7,,2300,,,Scale,#0000FF
439,Lunastra Wing,material,,7,,4500,,,Wing,#0000FF
442,Lunastra Gem,material,,8,,12000,,,Gem,#0000FF
444,Daora Carapace,material,,7,,3300,,,Carapace,#808080
443,Daora Dragon Scale+,material,,7,,2200,,,Scale,#808080
445,Daora Webbing,material,,7,,4300,,,Wing,#808080
446,Daora Horn+,material,,7,,4500,,,,#808080
447,Daora Tail,material,,7,,4800,,,Tail,#808080
448,Daora Claw+,material,,7,,4400,,,,#808080
449,Daora Gem,material,,8,,12000,,,Gem,#808080
419,Deceased Scale,material,,7,,2250,,,Scale,#FFFFFF
420,Vaal Hazak Carapace,material,,7,,3350,,,Carapace,#FFFFFF
421,Vaal Hazak Membrane,material,,7,,3500,,,Body,#FF0000
422,Vaal Hazak Tail,material,,7,,4900,,,Tail,#FFFFFF
423,Vaal Hazak Fang+,material,,7,,4600,,,,#FFFFFF
424,Vaal Hazak Talon,material,,7,,4750,,,,#FFFFFF
425,Vaal Hazak Wing,material,,7,,4450,,,Wing,#FFFFFF
426,Vaal Hazak Gem,material,,8,,12000,,,Gem,#FFFFFF
450,Xeno'jiiva Soulscale,material,,7,,3000,,,Scale,#FFFFFF
451,Xeno'jiiva Shell,material,,7,,4000,,,Carapace,#FFFFFF
452,Xeno'jiiva Veil,material,,7,,4300,,,Body,#0000FF
453,Xeno'jiiva Tail,material,,7,,6000,,,Tail,#FFFFFF
454,Xeno'jiiva Horn,material,,7,,5600,,,,#FFFFFF
455,Xeno'jiiva Claw,material,,7,,5300,,,,#FFFFFF
456,Xeno'jiiva Wing,material,,7,,5000,,,Wing,#FFFFFF
457,Xeno'jiiva Gem,material,,8,,15000,,,Gem,#FFFFFF
458,Kulve Taroth Golden Scale,material,,7,,3000,,,Scale,#ffd700
459,Kulve Taroth Golden Shell,material,,7,,4000,,,Carapace,#ffd700
460,Kulve Taroth Golden Nugget,material,,7,,1000,,,Ore,#ffd700
461,Kulve Taroth Golden Spiralhorn,material,,7,,6000,,,,#ffd700
462,Kulve Taroth Golden Tailshell,material,,7,,5000,,,Body,#ffd700
463,Kulve Taroth Golden Glimstone,material,,8,,15000,,,Gem,#ffd700
663,Kulve Taroth Emperor Nugget,material,,8,,2000,,,,
464,Behemoth Mane,material,,7,,8000,,,Body,#EE82EE
465,Behemoth Bone,material,,7,,7000,,,Bone,#EE82EE
466,Behemoth Great Horn,material,,8,,15000,,,,#EE82EE
467,Behemoth Shearclaw,material,,8,,10000,,,,#EE82EE
468,Behemoth Tail,material,,8,,12000,,,Tail,#EE82EE
469,Aetheryte Shard,material,,7,,5000,,,Ore,#FFFFFF
673,Leshen Claw,material,,6,,3000,,,,
664,Ancient Leshen Claw,material,,7,,3600,,,,
665,Leshen Skull,material,,7,,4000,,,,
666,Ancient Leshen Skull,material,,8,,5000,,,,
667,Cursed Bone,material,,6,,2800,,,,
668,Ancient Cursed Bone,material,,7,,3400,,,,
669,Leshen Antlers,material,,6,,3400,,,,
670,Ancient Leshen Antlers,material,,7,,4000,,,,
671,Leshen Resin,material,,6,,2600,,,,
674,Mutagen,material,,8,,9600,,,,
470,Streamstone Shard,material,,6,,1000,,,Streamstone,#EE82EE
471,Streamstone,material,,7,,2000,,,Streamstone,#EE82EE
472,Gleaming Streamstone,material,,8,,3000,,,Streamstone,#EE82EE
473,Warrior's Streamstone: Sword,material,,6,,10000,,,Streamstone,#FFFFFF
474,Warrior's Streamstone: Blade,material,,6,,10000,,,Streamstone,#FFFFFF
475,Warrior's Streamstone: Hammer,material,,6,,10000,,,Streamstone,#FFFFFF
476,Warrior's Streamstone: Lance,material,,6,,10000,,,Streamstone,#FFFFFF
477,Warrior's Streamstone: Axe,material,,6,,10000,,,Streamstone,#FFFFFF
478,Warrior's Streamstone: Shaft,material,,6,,10000,,,Streamstone,#FFFFFF
479,Warrior's Streamstone: Ranged,material,,6,,10000,,,Streamstone,#FFFFFF
480,Hero's Streamstone: Sword,material,,8,,20000,,,Streamstone,#F5F5DC
481,Hero's Streamstone: Blade,material,,8,,20000,,,Streamstone,#F5F5DC
482,Hero's Streamstone: Hammer,material,,8,,20000,,,Streamstone,#F5F5DC
483,Hero's Streamstone: Lance,material,,8,,20000,,,Streamstone,#F5F5DC
484,Hero's Streamstone: Axe,material,,8,,20000,,,Streamstone,#F5F5DC
485,Hero's Streamstone: Shaft,material,,8,,20000,,,Streamstone,#F5F5DC
486,Hero's Streamstone: Ranged,material,,8,,20000,,,Streamstone,#F5F5DC
487,Voucher,material,,4,,500,,,Voucher,#808080
488,First Wyverian Print,material,,4,,,,,Voucher,#008000
489,Deluxe First Wyverian Print,material,,4,,,,,Voucher,#008000
490,Steel Wyverian Print,material,,4,,,,,Voucher,#7a7a6e
491,Silver Wyverian Print,material,,4,,,,,Voucher,#FFFFFF
492,Gold Wyverian Print,material,,4,,,,,Voucher,#ffd700
495,Commendation,material,,5,,,,,Voucher,#F5F5DC
496,High Commendation,material,,7,,,,,Voucher,#F5F5DC
497,Research Commission Ticket,material,,7,,,,,Voucher,#00FFFF
493,Tailraider Voucher,material,,4,,200,,,Voucher,#F5F5DC
494,Gajalaka Sketch,material,,4,,200,,,Voucher,#F5F5DC
510,Spring Blossom Ticket,material,,4,,200,,,Voucher,#FFC0CB
511,Summer Twilight Ticket,material,,4,,200,,,Voucher,#0000FF
512,Autumn Harvest Ticket,material,,4,,200,,,Voucher,#F5F5DC
513,Winter Star Ticket,material,,4,,200,,,Voucher,#FFFFFF
514,Appreciation Ticket,material,,4,,200,,,Voucher,#ffd700
515,Spring Insect Field Guide,material,,4,,200,,,Book,#FFC0CB
516,Summer Insect Field Guide,material,,4,,200,,,Book,#ffd700
517,Vaal Hazak Ticket,material,,8,,800,,,Voucher,#808080
518,Kirin Ticket,material,,8,,800,,,Voucher,#FFFFFF
654,Teostra Ticket,material,,8,,800,,,,
655,Lunastra Ticket,material,,8,,800,,,,
656,Kushala Daora Ticket,material,,8,,800,,,,
672,Nergigante Ticket,material,,8,,800,,,,
657,Zorah Magdaros Ticket,material,,8,,800,,,,
658,Xeno'jiiva Ticket,material,,8,,800,,,,
519,Black Bandage,material,,6,,400,,,Question,#808080
520,Black Crystal Ticket,material,,6,,400,,,Voucher,#808080
531,First Fleet Ticket,material,,4,,400,,,,
680,Beetle Ticket,material,,4,,400,,,,
523,Mega Man Ticket,material,,6,,400,,,Voucher,#0000FF
524,Azure Star Shard,material,,4,,200,,,Ore,#0000FF
525,Azure Stargem,material,,6,,400,,,Gem,#0000FF
526,Red Orb,material,,8,,800,,,Gem,#FF0000
527,Master Craftsman's Blueprint,material,,6,,800,,,Voucher,#808080
528,Bushi Ticket,material,,4,,400,,,Voucher,#FF0000
678,Glamour Prism,material,,8,,800,,,,
679,Senu's Feather,material,,4,,400,,,,
529,Downy Crake Ticket,material,,4,,400,,,,
530,Bristly Crake Ticket,material,,4,,400,,,,
521,Kulu-Ya-Ku Ticket,material,,6,,400,,,Voucher,#F5F5DC
522,Wiggler Ticket,material,,6,,400,,,Voucher,#0000FF
675,Faux Ticket,material,,4,,400,,,,
676,Faux Ticket II,material,,4,,400,,,,
677,Faux Ticket III,material,,4,,400,,,,
498,Pukei Coin,material,,4,,500,,,Coin,#00FF00
499,Kulu Coin,material,,4,,500,,,Coin,#F5F5DC
500,Rathian Coin,material,,4,,500,,,Coin,#008000
501,Tzitzi Coin,material,,4,,800,,,Coin,#0000FF
502,Barroth Coin,material,,4,,800,,,Coin,#F5F5DC
503,Gama Coin,material,,4,,800,,,Coin,#0000FF
504,Rathalos Coin,material,,4,,800,,,Coin,#FF0000
505,Brute Coin,material,,4,,1500,,,Coin,#FFFFFF
506,Flying Coin,material,,4,,1500,,,Coin,#7a7a6e
507,Pinnacle Coin,material,,4,,800,,,Coin,#FF0000
508,Hunter King Coin,material,,6,,1200,,,Coin,#FFFFFF
509,Ace Hunter Coin,material,,8,,2000,,,Coin,#ffd700
532,Watcher Lens,material,,,,,,,Question,#808080
533,Nora Brave Trophy,material,,,,,,,,
534,SFV Ticket,material,,4,,200,,,Voucher,#FFFFFF
535,SFV Ticket III,material,,6,,400,,,Voucher,#0000FF
536,SFV Ticket II,material,,6,,400,,,Voucher,#FF0000
537,Steel Egg,material,trade,4,,1000,,,,#808080
538,Silver Egg,material,trade,4,,10000,,,,#FFFFFF
539,Golden Egg,material,trade,4,,20000,,,,#ffd700
540,Chipped Scale,material,trade,4,,500,,,Scale,#808080
541,Large Scale,material,trade,4,,1000,,,Scale,#F5F5DC
542,Beautiful Scale,material,trade,5,,2000,,,Scale,#FFFFFF
543,Lustrous Scale,material,trade,6,,3000,,,Scale,#00FFFF
544,Glimmering Scale,material,trade,7,,5000,,,Scale,#ffd700
545,Bhernastone,material,trade,4,,400,,,Ore,#00FFFF
546,Dundormarin,material,trade,4,,800,,,Ore,#0000FF
547,Loc Lac Ore,material,trade,5,,1500,,,Ore,#F5F5DC
548,Val Habar Quartz,material,trade,6,,2000,,,Ore,#FFFFFF
549,Minegardenite,material,trade,7,,5000,,,Ore,#ffd700
550,Golden Scale,material,trade,4,,1000,,,,
551,Golden Scale+,material,trade,5,,10000,,,,
552,Platinum Scale,material,trade,4,,2000,,,,
553,Platinum Scale+,material,trade,5,,20000,,,,
554,Gilded Scale,material,trade,4,,500,,,,
555,Gilded Scale+,material,trade,5,,5000,,,,
558,Gold Chip Fragment,material,trade,4,,300,,,Ore,#ffd700
556,Golden Fragment,material,trade,4,,750,,,Ore,#ffd700
557,Golden Chunk,material,trade,4,,1500,,,Ore,#ffd700
559,Normal Ammo 1,hidden,,4,,,,,Ammo,#FFFFFF
560,Normal Ammo 2,ammo,,2,3,1,99,,Ammo,#FFFFFF
561,Normal Ammo 3,ammo,,3,,2,99,,Ammo,#FFFFFF
562,Pierce Ammo 1,ammo,,1,4,2,60,,Ammo,#0000FF
563,Pierce Ammo 2,ammo,,2,8,2,60,,Ammo,#0000FF
564,Pierce Ammo 3,ammo,,3,,3,60,,Ammo,#0000FF
565,Spread Ammo 1,ammo,,1,4,1,80,,Ammo,#008000
566,Spread Ammo 2,ammo,,2,8,2,70,,Ammo,#008000
567,Spread Ammo 3,ammo,,3,,2,60,,Ammo,#008000
568,Sticky Ammo 1,ammo,,1,12,2,9,,Ammo,#F5F5DC
569,Sticky Ammo 2,ammo,,2,24,3,9,,Ammo,#F5F5DC
570,Sticky Ammo 3,ammo,,3,,4,9,,Ammo,#F5F5DC
571,Cluster Bomb 1,ammo,,2,30,6,3,,Ammo,#FF0000
572,Cluster Bomb 2,ammo,,3,60,6,3,,Ammo,#FF0000
573,Cluster Bomb 3,ammo,,4,,10,3,,Ammo,#FF0000
574,Flaming Ammo,ammo,,2,20,2,60,,Ammo,#FFA500
575,Water Ammo,ammo,,2,20,2,60,,Ammo,#800080
576,Thunder Ammo,ammo,,2,20,2,60,,Ammo,#ffd700
577,Freeze Ammo,ammo,,2,20,2,60,,Ammo,#FFFFFF
578,Dragon Ammo,ammo,,3,,10,3,,Ammo,#FF0000
579,Poison Ammo 1,ammo,,2,15,2,12,,Ammo,#EE82EE
580,Poison Ammo 2,ammo,,3,30,2,12,,Ammo,#EE82EE
581,Paralysis Ammo 1,ammo,,2,15,3,12,,Ammo,#FFFF00
582,Paralysis Ammo 2,ammo,,3,30,5,8,,Ammo,#FFFF00
583,Sleep Ammo 1,ammo,,2,15,2,12,,Ammo,#00FFFF
584,Sleep Ammo 2,ammo,,3,30,3,8,,Ammo,#00FFFF
585,Exhaust Ammo 1,ammo,,2,15,3,12,,Ammo,#800080
586,Exhaust Ammo 2,ammo,,3,30,5,8,,Ammo,#800080
587,Recover Ammo 1,ammo,,2,8,2,12,,Ammo,#008000
588,Recover Ammo 2,ammo,,3,,2,12,,Ammo,#008000
589,Wyvern Ammo,ammo,,3,62,6,5,,Ammo,#7a7a6e
590,Slicing Ammo,ammo,,2,12,3,30,,Ammo,#FFFFFF
591,Tranq Ammo,ammo,,3,45,4,8,,Ammo,#FFC0CB
592,Demon Ammo,ammo,,4,,9,5,,Ammo,#FF0000
593,Armor Ammo,ammo,,4,,7,5,,Ammo,#F5F5DC
594,Power Coating,ammo,,2,20,2,50,,Bottle,#FF0000
595,Poison Coating,ammo,,3,17,2,20,,Bottle,#EE82EE
596,Paralysis Coating,ammo,,3,26,3,20,,Bottle,#FFFF00
597,Sleep Coating,ammo,,3,17,2,20,,Bottle,#00FFFF
598,Blast Coating,ammo,,3,20,6,20,,Bottle,#00FF00
599,Mysterious Feystone,misc,appraisal,4,,,,,Feystone,#808080
600,Glowing Feystone,misc,appraisal,5,,,,,Feystone,#0000FF
601,Worn Feystone,misc,appraisal,6,,,,,Feystone,#F5F5DC
602,Warped Feystone,misc,appraisal,7,,,,,Feystone,#FF0000
603,Sullied Streamstone,misc,appraisal,6,,,,,Streamstone,#808080
604,Shining Streamstone,misc,appraisal,8,,,,,Streamstone,#ffd700
659,Dissolved Weapon,misc,appraisal,4,,,,,,
660,Melded Weapon,misc,appraisal,5,,,,,,
661,Sublimated Weapon,misc,appraisal,6,,,,,,
662,Incandescent Weapon,misc,appraisal,7,,,,,,
605,White Liver,misc,account,2,,,,40,Meat,#FFFFFF
606,Wyvern Tear,misc,account,3,,,,200,Body,#0000FF
607,Large Wyvern Tear,misc,account,5,,,,500,,
608,Dragon Treasure,misc,account,3,,,,800,Ore,#EE82EE
681,Transparent Stone,misc,account,5,,,,500,,
609,Sunbloom,misc,account,2,,,,12,Herb,#FFC0CB
610,Shinebloom,misc,account,3,,,,27,Herb,#FFC0CB
611,Goldbloom,misc,account,4,,,,140,Herb,#FFC0CB
612,Gourmet Shroomcap,misc,account,2,,,,10,Mushroom,#FFFFFF
613,Exquisite Shroomcap,misc,account,3,,,,25,Mushroom,#FFFFFF
614,Spirit Shroomcap,misc,account,4,,,,150,Mushroom,#FFFFFF
615,Bauble Cactus,misc,account,2,,,,14,Herb,#008000
616,Jewel Cactus,misc,account,3,,,,28,Herb,#008000
617,Kingly Cactus,misc,account,4,,,,160,Herb,#008000
618,Hardfruit,misc,account,2,,,,12,Seed,#FFA500
619,Super Abalone,misc,account,2,,,,16,Sac,#F5F5DC
620,Choice Abalone,misc,account,3,,,,36,Sac,#F5F5DC
621,Precious Abalone,misc,account,4,,,,210,Sac,#F5F5DC
622,Light Pearl,misc,account,2,,,,18,Charm,#808080
623,Deep Pearl,misc,account,3,,,,38,Charm,#808080
624,Innocent Pearl,misc,account,4,,,,180,Charm,#808080
625,Forgotten Fossil,misc,account,2,,,,15,Bone,#7a7a6e
626,Legendary Fossil,misc,account,3,,,,35,Bone,#7a7a6e
627,Mystical Fossil,misc,account,4,,,,200,Bone,#7a7a6e
628,Underground Fruit,misc,account,2,,,,14,Seed,#FF0000
629,Tainted Fruit,misc,account,3,,,,34,Seed,#FF0000
630,Elysian Fruit,misc,account,4,,,,190,Seed,#FF0000
631,Gaia Amber,misc,account,2,,,,30,Ore,#F5F5DC
632,Dragonvein Amber,misc,account,3,,,,50,Ore,#F5F5DC
633,Ancient Amber,misc,account,4,,,,250,Ore,#F5F5DC
634,Blue Beryl,misc,account,2,,,,32,Ore,#0000FF
635,True Beryl,misc,account,3,,,,54,Ore,#0000FF
636,Abyssal Beryl,misc,account,4,,,,260,Ore,#0000FF
637,Moonlit Mushroom,misc,account,4,,,,88,,
638,First-aid Med,misc,supply,1,,,10,,Liquid,#008000
639,First-aid Med+,misc,supply,2,,,10,,Liquid,#008000
640,EZ Ration,misc,supply,1,,,10,,Meat,#7a7a6e
641,EZ Max Potion,misc,supply,2,,,2,,Pellets,#F5F5DC
642,EZ Shock Trap,misc,supply,3,,,1,,Trap,#FFFF00
643,EZ Pitfall Trap,misc,supply,3,,,1,,Trap,#008000
644,EZ Flash Pod,misc,supply,2,,,3,,Slinger,#ffd700
645,EZ Screamer Pod,misc,supply,2,,,3,,Slinger,#808080
646,EZ Dung Pod,misc,supply,2,,,10,,Slinger,#F5F5DC
647,Throwing Knife,misc,supply,1,,,10,,Knife,#FFFFFF
648,Poison Knife,misc,supply,2,,,5,,Knife,#EE82EE
649,Sleep Knife,misc,supply,2,,,5,,Knife,#00FFFF
650,Paralysis Knife,misc,supply,2,,,5,,Knife,#FFFF00
651,Tranq Knife,misc,supply,3,,,8,,Knife,#FFC0CB
652,EZ Farcaster,misc,supply,3,,,1,,Smoke,#008000
653,EZ Tranq Bomb,misc,supply,3,,,8,,Smoke,#FF0000
